{"stats":{"minecraft:picked_up":{"minecraft:light_gray_stained_glass":2,"minecraft:heavy_weighted_pressure_plate":6,"minecraft:orange_stained_glass":2,"minecraft:slime_block":1,"minecraft:honey_block":1},"minecraft:dropped":{"minecraft:leather_chestplate":1,"minecraft:orange_carpet":1,"minecraft:heavy_weighted_pressure_plate":6,"minecraft:glow_ink_sac":2,"minecraft:honey_block":1,"minecraft:leather_boots":1,"minecraft:light_gray_stained_glass":3,"minecraft:leather_leggings":1,"minecraft:polished_deepslate_slab":1,"minecraft:brown_carpet":2,"minecraft:slime_block":1,"minecraft:black_concrete":6,"minecraft:fishing_rod":1,"minecraft:written_book":3,"minecraft:oak_sign":3,"minecraft:orange_stained_glass":2,"minecraft:yellow_carpet":2,"minecraft:polished_deepslate":1},"minecraft:used":{"minecraft:honey_block":1,"minecraft:leather_leggings":1,"minecraft:black_concrete":311,"minecraft:light_gray_stained_glass":16,"minecraft:polished_deepslate":1,"minecraft:heavy_weighted_pressure_plate":8,"minecraft:armor_stand":10,"minecraft:slime_block":1,"minecraft:oak_sign":5,"minecraft:leather_chestplate":1,"minecraft:glow_ink_sac":4,"minecraft:leather_boots":1,"minecraft:orange_stained_glass":5,"minecraft:orange_carpet":3,"minecraft:brown_carpet":2,"minecraft:written_book":16,"minecraft:pink_stained_glass":1,"minecraft:yellow_carpet":2},"minecraft:custom":{"minecraft:time_since_rest":286627,"minecraft:sprint_one_cm":76566,"minecraft:walk_one_cm":92711,"minecraft:drop":38,"minecraft:fly_one_cm":737544,"minecraft:crouch_one_cm":3169,"minecraft:play_time":286627,"minecraft:sneak_time":2495,"minecraft:walk_under_water_one_cm":7382,"minecraft:jump":238,"minecraft:leave_game":13,"minecraft:walk_on_water_one_cm":115,"minecraft:time_since_death":286627,"minecraft:climb_one_cm":3919,"minecraft:total_world_time":309405,"minecraft:inspect_dispenser":9}},"DataVersion":2730}