{"stats":{"minecraft:used":{"minecraft:stone_bricks":1,"minecraft:orange_stained_glass":2,"minecraft:black_concrete":13,"minecraft:dirt":2,"minecraft:cobblestone":18,"minecraft:light_gray_stained_glass":17,"minecraft:heavy_weighted_pressure_plate":10,"minecraft:grass_block":1,"minecraft:repeating_command_block":18,"minecraft:pink_stained_glass":1,"minecraft:wet_sponge":5,"minecraft:sponge":117,"minecraft:cyan_concrete":1,"minecraft:stone":1,"minecraft:white_concrete":2},"minecraft:picked_up":{"minecraft:stone_bricks":2,"minecraft:kelp":36,"minecraft:heavy_weighted_pressure_plate":5,"minecraft:cobblestone":1},"minecraft:custom":{"minecraft:time_since_rest":59997,"minecraft:crouch_one_cm":1486,"minecraft:play_time":59997,"minecraft:sprint_one_cm":28762,"minecraft:walk_one_cm":57273,"minecraft:sneak_time":3176,"minecraft:walk_under_water_one_cm":25946,"minecraft:jump":67,"minecraft:time_since_death":59997,"minecraft:walk_on_water_one_cm":11820,"minecraft:total_world_time":60067,"minecraft:climb_one_cm":1579,"minecraft:fly_one_cm":628608}},"DataVersion":2730}